path,defect,label,score,prediction,scoring_ms
test/broken_large/000.png,broken_large,1,5.0524001121521,1,1160.229100001743
test/broken_large/001.png,broken_large,1,4.2961320877075195,1,1141.5197999886004
test/broken_large/002.png,broken_large,1,4.839120388031006,1,1188.2374999986496
test/broken_large/003.png,broken_large,1,4.692281246185303,1,959.0603999968152
test/broken_large/004.png,broken_large,1,4.787733554840088,1,983.1104000040796
test/broken_large/005.png,broken_large,1,3.7021679878234863,1,863.5529000021052
test/broken_large/006.png,broken_large,1,4.207869052886963,1,748.6888999992516
test/broken_large/007.png,broken_large,1,3.9936678409576416,1,779.3514999939362
test/broken_large/008.png,broken_large,1,4.271976470947266,1,1140.3489999938756
test/broken_large/009.png,broken_large,1,3.769808530807495,1,885.5783000035444
test/broken_large/010.png,broken_large,1,4.174413681030273,1,1031.5661000058753
test/broken_large/011.png,broken_large,1,3.7286813259124756,1,709.7668999922462
test/broken_large/012.png,broken_large,1,3.8791441917419434,1,801.6561999975238
test/broken_large/013.png,broken_large,1,4.473484039306641,1,751.6648000018904
test/broken_large/014.png,broken_large,1,4.523693561553955,1,1037.8024999954505
test/broken_large/015.png,broken_large,1,4.377490997314453,1,861.531600006856
test/broken_large/016.png,broken_large,1,4.912886619567871,1,981.1562999966554
test/broken_large/017.png,broken_large,1,4.651479244232178,1,1570.7276000030106
test/broken_large/018.png,broken_large,1,5.016417026519775,1,1210.705000004964
test/broken_large/019.png,broken_large,1,4.143796920776367,1,863.6467000033008
test/broken_small/000.png,broken_small,1,2.5977942943573,1,4236.650499995449
test/broken_small/001.png,broken_small,1,3.911289930343628,1,1844.3605999927968
test/broken_small/002.png,broken_small,1,3.5591578483581543,1,1887.5013000069885
test/broken_small/003.png,broken_small,1,4.542263984680176,1,1091.9427999906475
test/broken_small/004.png,broken_small,1,5.026043891906738,1,1262.141300001531
test/broken_small/005.png,broken_small,1,3.216062307357788,1,1423.2418000028701
test/broken_small/006.png,broken_small,1,4.3558268547058105,1,1833.7413999979617
test/broken_small/007.png,broken_small,1,2.8315351009368896,1,1212.9636000026949
test/broken_small/008.png,broken_small,1,3.537170886993408,1,915.1930999942124
test/broken_small/009.png,broken_small,1,3.970607280731201,1,1150.7541999890236
test/broken_small/010.png,broken_small,1,3.8996362686157227,1,1019.2247000086354
test/broken_small/011.png,broken_small,1,3.035848617553711,1,1200.9574999974575
test/broken_small/012.png,broken_small,1,3.9502925872802734,1,690.3211999888299
test/broken_small/013.png,broken_small,1,3.9850378036499023,1,742.7912999992259
test/broken_small/014.png,broken_small,1,2.7721149921417236,1,832.8684000007343
test/broken_small/015.png,broken_small,1,3.319063901901245,1,1170.4527999972925
test/broken_small/016.png,broken_small,1,4.242569923400879,1,854.2951999988873
test/broken_small/017.png,broken_small,1,4.406817436218262,1,1411.6099000093527
test/broken_small/018.png,broken_small,1,5.257271766662598,1,1147.8833000001032
test/broken_small/019.png,broken_small,1,4.041179656982422,1,917.0268000016222
test/broken_small/020.png,broken_small,1,4.960177898406982,1,1141.8782999971882
test/broken_small/021.png,broken_small,1,4.581730842590332,1,1161.0031000018353
test/contamination/000.png,contamination,1,4.313505172729492,1,1000.963899990893
test/contamination/001.png,contamination,1,3.285843849182129,1,755.7000999950105
test/contamination/002.png,contamination,1,2.7099294662475586,1,746.6449000057764
test/contamination/003.png,contamination,1,2.326934576034546,1,893.2877000042936
test/contamination/004.png,contamination,1,2.642965793609619,1,702.5604999944335
test/contamination/005.png,contamination,1,6.512974262237549,1,1122.8742999956012
test/contamination/006.png,contamination,1,4.749607563018799,1,1721.951799991075
test/contamination/007.png,contamination,1,7.04572057723999,1,2638.0931999883614
test/contamination/008.png,contamination,1,3.962857246398926,1,1549.721799994586
test/contamination/009.png,contamination,1,4.1982502937316895,1,1930.7849000033457
test/contamination/010.png,contamination,1,4.63115119934082,1,1194.8565000056988
test/contamination/011.png,contamination,1,3.670835018157959,1,625.0397000112571
test/contamination/012.png,contamination,1,3.8730337619781494,1,578.9163000008557
test/contamination/013.png,contamination,1,5.553109645843506,1,639.8772999964422
test/contamination/014.png,contamination,1,4.811241149902344,1,681.5944999980275
test/contamination/015.png,contamination,1,4.641295433044434,1,789.1807999985758
test/contamination/016.png,contamination,1,3.851745367050171,1,741.2667999888072
test/contamination/017.png,contamination,1,6.002768039703369,1,609.4197999918833
test/contamination/018.png,contamination,1,4.698062419891357,1,599.4026999978814
test/contamination/019.png,contamination,1,2.934908866882324,1,620.362000001478
test/contamination/020.png,contamination,1,3.482691526412964,1,588.9310000056867
test/good/000.png,good,0,1.6322569847106934,0,1047.1827000001213
test/good/001.png,good,0,1.5719252824783325,0,1352.4004999926547
test/good/002.png,good,0,1.6177363395690918,0,1620.6762000074377
test/good/003.png,good,0,1.506367802619934,0,4884.155700012343
test/good/004.png,good,0,1.4420872926712036,0,4990.726900010486
test/good/005.png,good,0,1.5395898818969727,0,2065.365300004487
test/good/006.png,good,0,1.709112286567688,0,1911.699399992358
test/good/007.png,good,0,1.6427605152130127,0,791.0852000059094
test/good/008.png,good,0,1.5130541324615479,0,1404.2119000077946
test/good/009.png,good,0,1.568621277809143,0,941.1139000003459
test/good/010.png,good,0,1.4231231212615967,0,1129.9729999882402
test/good/011.png,good,0,1.4149765968322754,0,1557.1681000001263
test/good/012.png,good,0,1.5326370000839233,0,1914.6463999932166
test/good/013.png,good,0,1.576342225074768,0,1410.0792999961413
test/good/014.png,good,0,1.4456586837768555,0,1050.9966999961762
test/good/015.png,good,0,1.7557944059371948,0,2120.2684000018053
test/good/016.png,good,0,1.4265915155410767,0,1491.1996000009822
test/good/017.png,good,0,1.5062519311904907,0,914.6577999927104
test/good/018.png,good,0,1.6060841083526611,0,815.9586999972817
test/good/019.png,good,0,1.6323686838150024,0,1122.2410000045784
