path,source,kind,label,score,branch
data/mvtec/screw/train/good/011.png,data/mvtec/screw/train/good/011.png,good,0,1.0966144803998246,raw224
data/mvtec/screw/train/good/013.png,data/mvtec/screw/train/good/013.png,good,0,0.9799542813611499,raw224
data/mvtec/screw/train/good/025.png,data/mvtec/screw/train/good/025.png,good,0,0.9805800237606807,raw224
data/mvtec/screw/train/good/031.png,data/mvtec/screw/train/good/031.png,good,0,0.957899320920974,raw224
data/mvtec/screw/train/good/036.png,data/mvtec/screw/train/good/036.png,good,0,1.2041511117738084,raw224
data/mvtec/screw/train/good/054.png,data/mvtec/screw/train/good/054.png,good,0,0.9497476261597722,raw224
data/mvtec/screw/train/good/062.png,data/mvtec/screw/train/good/062.png,good,0,0.9594884631362491,raw224
data/mvtec/screw/train/good/069.png,data/mvtec/screw/train/good/069.png,good,0,1.0282407527569066,raw224
data/mvtec/screw/train/good/091.png,data/mvtec/screw/train/good/091.png,good,0,1.0087054159149034,raw224
data/mvtec/screw/train/good/107.png,data/mvtec/screw/train/good/107.png,good,0,0.946250286149321,raw224
data/mvtec/screw/train/good/141.png,data/mvtec/screw/train/good/141.png,good,0,0.9413685215148498,raw224
data/mvtec/screw/train/good/142.png,data/mvtec/screw/train/good/142.png,good,0,0.9617019842656709,raw224
data/mvtec/screw/train/good/148.png,data/mvtec/screw/train/good/148.png,good,0,0.9461858127690114,raw224
data/mvtec/screw/train/good/194.png,data/mvtec/screw/train/good/194.png,good,0,1.0131853419282908,raw224
data/mvtec/screw/train/good/230.png,data/mvtec/screw/train/good/230.png,good,0,0.9279827959309895,raw224
data/mvtec/screw/train/good/275.png,data/mvtec/screw/train/good/275.png,good,0,1.0259131858142785,raw224
data/screw_refinement/audit/scratch/011.png,data/mvtec/screw/train/good/011.png,scratch,1,1.3655513567239577,raw224
data/screw_refinement/audit/pit/011.png,data/mvtec/screw/train/good/011.png,pit,1,1.102234280194396,raw224
data/screw_refinement/audit/texture_shift/011.png,data/mvtec/screw/train/good/011.png,texture_shift,1,1.0894432290216696,raw224
data/screw_refinement/audit/scratch/013.png,data/mvtec/screw/train/good/013.png,scratch,1,0.9827270262817165,raw224
data/screw_refinement/audit/pit/013.png,data/mvtec/screw/train/good/013.png,pit,1,0.9819373734606432,raw224
data/screw_refinement/audit/texture_shift/013.png,data/mvtec/screw/train/good/013.png,texture_shift,1,0.9815646549916932,raw224
data/screw_refinement/audit/scratch/025.png,data/mvtec/screw/train/good/025.png,scratch,1,0.9835991699685331,raw224
data/screw_refinement/audit/pit/025.png,data/mvtec/screw/train/good/025.png,pit,1,0.9720542470451445,raw224
data/screw_refinement/audit/texture_shift/025.png,data/mvtec/screw/train/good/025.png,texture_shift,1,0.9764631744267408,raw224
data/screw_refinement/audit/scratch/031.png,data/mvtec/screw/train/good/031.png,scratch,1,1.4419111156538982,raw224
data/screw_refinement/audit/pit/031.png,data/mvtec/screw/train/good/031.png,pit,1,0.9512397661291434,raw224
data/screw_refinement/audit/texture_shift/031.png,data/mvtec/screw/train/good/031.png,texture_shift,1,0.9562986864717463,raw224
data/screw_refinement/audit/scratch/036.png,data/mvtec/screw/train/good/036.png,scratch,1,1.1938931242694701,raw224
data/screw_refinement/audit/pit/036.png,data/mvtec/screw/train/good/036.png,pit,1,1.2108246909867335,raw224
data/screw_refinement/audit/texture_shift/036.png,data/mvtec/screw/train/good/036.png,texture_shift,1,1.2069204479809144,raw224
data/screw_refinement/audit/scratch/054.png,data/mvtec/screw/train/good/054.png,scratch,1,1.0440779276697298,raw224
data/screw_refinement/audit/pit/054.png,data/mvtec/screw/train/good/054.png,pit,1,0.9506557074256436,raw224
data/screw_refinement/audit/texture_shift/054.png,data/mvtec/screw/train/good/054.png,texture_shift,1,0.9459446706396358,raw224
data/screw_refinement/audit/scratch/062.png,data/mvtec/screw/train/good/062.png,scratch,1,0.9611599988254548,raw224
data/screw_refinement/audit/pit/062.png,data/mvtec/screw/train/good/062.png,pit,1,1.0107809328450823,raw224
data/screw_refinement/audit/texture_shift/062.png,data/mvtec/screw/train/good/062.png,texture_shift,1,0.9645047258646896,raw224
data/screw_refinement/audit/scratch/069.png,data/mvtec/screw/train/good/069.png,scratch,1,1.0235253333393066,raw224
data/screw_refinement/audit/pit/069.png,data/mvtec/screw/train/good/069.png,pit,1,1.0965271199434232,raw224
data/screw_refinement/audit/texture_shift/069.png,data/mvtec/screw/train/good/069.png,texture_shift,1,1.0304124927984841,raw224
data/screw_refinement/audit/scratch/091.png,data/mvtec/screw/train/good/091.png,scratch,1,1.4391886249089203,raw224
data/screw_refinement/audit/pit/091.png,data/mvtec/screw/train/good/091.png,pit,1,1.0803905625969565,raw224
data/screw_refinement/audit/texture_shift/091.png,data/mvtec/screw/train/good/091.png,texture_shift,1,1.0112686710453702,raw224
data/screw_refinement/audit/scratch/107.png,data/mvtec/screw/train/good/107.png,scratch,1,0.9418801207093611,raw224
data/screw_refinement/audit/pit/107.png,data/mvtec/screw/train/good/107.png,pit,1,0.9633037874166563,raw224
data/screw_refinement/audit/texture_shift/107.png,data/mvtec/screw/train/good/107.png,texture_shift,1,0.9400534398617971,raw224
data/screw_refinement/audit/scratch/141.png,data/mvtec/screw/train/good/141.png,scratch,1,0.9534772456446016,raw224
data/screw_refinement/audit/pit/141.png,data/mvtec/screw/train/good/141.png,pit,1,0.9433358361406118,raw224
data/screw_refinement/audit/texture_shift/141.png,data/mvtec/screw/train/good/141.png,texture_shift,1,0.9720267825538345,raw224
data/screw_refinement/audit/scratch/142.png,data/mvtec/screw/train/good/142.png,scratch,1,1.4866769703958593,raw224
data/screw_refinement/audit/pit/142.png,data/mvtec/screw/train/good/142.png,pit,1,0.9612462879719115,raw224
data/screw_refinement/audit/texture_shift/142.png,data/mvtec/screw/train/good/142.png,texture_shift,1,0.9682946308818629,raw224
data/screw_refinement/audit/scratch/148.png,data/mvtec/screw/train/good/148.png,scratch,1,0.9740763932617137,raw224
data/screw_refinement/audit/pit/148.png,data/mvtec/screw/train/good/148.png,pit,1,0.9467363686887853,raw224
data/screw_refinement/audit/texture_shift/148.png,data/mvtec/screw/train/good/148.png,texture_shift,1,0.9429310757651332,raw224
data/screw_refinement/audit/scratch/194.png,data/mvtec/screw/train/good/194.png,scratch,1,1.0074217918175001,raw224
data/screw_refinement/audit/pit/194.png,data/mvtec/screw/train/good/194.png,pit,1,1.1854554871448406,raw224
data/screw_refinement/audit/texture_shift/194.png,data/mvtec/screw/train/good/194.png,texture_shift,1,1.0062327351706721,raw224
data/screw_refinement/audit/scratch/230.png,data/mvtec/screw/train/good/230.png,scratch,1,0.9326727960853556,raw224
data/screw_refinement/audit/pit/230.png,data/mvtec/screw/train/good/230.png,pit,1,0.9361745187273988,raw224
data/screw_refinement/audit/texture_shift/230.png,data/mvtec/screw/train/good/230.png,texture_shift,1,0.9456221089544614,raw224
data/screw_refinement/audit/scratch/275.png,data/mvtec/screw/train/good/275.png,scratch,1,1.0247109812726742,raw224
data/screw_refinement/audit/pit/275.png,data/mvtec/screw/train/good/275.png,pit,1,1.0261817924349643,raw224
data/screw_refinement/audit/texture_shift/275.png,data/mvtec/screw/train/good/275.png,texture_shift,1,1.0257807329483857,raw224
