path,score,branch
data/mvtec/screw/train/good/000.png,0.942178724008499,raw224
data/mvtec/screw/train/good/002.png,1.2239670344295155,raw224
data/mvtec/screw/train/good/003.png,1.28777055384825,raw224
data/mvtec/screw/train/good/012.png,0.9779068132731601,raw224
data/mvtec/screw/train/good/019.png,1.0884559682117017,raw224
data/mvtec/screw/train/good/024.png,1.0109315005882222,raw224
data/mvtec/screw/train/good/026.png,0.9360910539435235,raw224
data/mvtec/screw/train/good/029.png,0.9532349348134681,raw224
data/mvtec/screw/train/good/033.png,1.0486631342331396,raw224
data/mvtec/screw/train/good/038.png,0.9987605430898634,raw224
data/mvtec/screw/train/good/046.png,0.9866768486560928,raw224
data/mvtec/screw/train/good/050.png,0.9889329300078639,raw224
data/mvtec/screw/train/good/051.png,0.9414398123220804,raw224
data/mvtec/screw/train/good/056.png,1.0571110948899636,raw224
data/mvtec/screw/train/good/061.png,1.1636004720970752,raw224
data/mvtec/screw/train/good/064.png,0.9898936028528399,raw224
data/mvtec/screw/train/good/068.png,1.1666544845740376,raw224
data/mvtec/screw/train/good/075.png,0.9411667256779894,raw224
data/mvtec/screw/train/good/080.png,0.9788550199660522,raw224
data/mvtec/screw/train/good/082.png,1.0123479671187707,raw224
data/mvtec/screw/train/good/089.png,1.0286941116471502,raw224
data/mvtec/screw/train/good/100.png,1.1772126336465243,raw224
data/mvtec/screw/train/good/132.png,0.9545134945365871,raw224
data/mvtec/screw/train/good/138.png,1.0157693415149598,raw224
data/mvtec/screw/train/good/150.png,0.9904384126556376,raw224
data/mvtec/screw/train/good/153.png,0.9227874296581543,raw224
data/mvtec/screw/train/good/156.png,0.989747417741292,raw224
data/mvtec/screw/train/good/159.png,0.988666660790694,raw224
data/mvtec/screw/train/good/161.png,1.0239219128024801,raw224
data/mvtec/screw/train/good/169.png,0.9175922581689453,raw224
data/mvtec/screw/train/good/173.png,0.9988193677450099,raw224
data/mvtec/screw/train/good/178.png,1.0675249092953523,raw224
data/mvtec/screw/train/good/180.png,0.9829816084813077,raw224
data/mvtec/screw/train/good/181.png,0.9754745501313888,raw224
data/mvtec/screw/train/good/192.png,0.9565363224958483,raw224
data/mvtec/screw/train/good/197.png,1.0653136281776332,raw224
data/mvtec/screw/train/good/202.png,0.9730940020424037,raw224
data/mvtec/screw/train/good/207.png,1.1436941698387586,raw224
data/mvtec/screw/train/good/214.png,0.9193104445366529,raw224
data/mvtec/screw/train/good/217.png,1.069908963489611,raw224
data/mvtec/screw/train/good/222.png,1.067962782887304,raw224
data/mvtec/screw/train/good/226.png,1.0139638920826641,raw224
data/mvtec/screw/train/good/227.png,0.9982882901878674,raw224
data/mvtec/screw/train/good/229.png,0.9834275655937513,raw224
data/mvtec/screw/train/good/235.png,0.9993253182143581,raw224
data/mvtec/screw/train/good/248.png,1.0643491570519439,raw224
data/mvtec/screw/train/good/249.png,0.9893136346054928,raw224
data/mvtec/screw/train/good/253.png,1.0621879353261874,raw224
data/mvtec/screw/train/good/254.png,0.9856115770037867,raw224
data/mvtec/screw/train/good/256.png,0.954451845518859,raw224
data/mvtec/screw/train/good/262.png,1.040008313365171,raw224
data/mvtec/screw/train/good/266.png,1.030869747361254,raw224
data/mvtec/screw/train/good/270.png,1.0214496216255016,raw224
data/mvtec/screw/train/good/280.png,0.9756630032898468,raw224
data/mvtec/screw/train/good/282.png,1.0602377616595409,raw224
data/mvtec/screw/train/good/284.png,0.9199836167491908,raw224
data/mvtec/screw/train/good/288.png,0.9596133194407158,raw224
data/mvtec/screw/train/good/293.png,0.9891854669793788,raw224
data/mvtec/screw/train/good/302.png,0.9431746526898377,raw224
data/mvtec/screw/train/good/305.png,0.9595709540019928,raw224
data/mvtec/screw/train/good/311.png,1.0030711047401715,raw224
data/mvtec/screw/train/good/317.png,0.9943332086555805,raw224
data/mvtec/screw/train/good/318.png,1.0065637699435912,raw224
data/mvtec/screw/train/good/319.png,1.010801969476724,raw224
