path,source,kind,label,score,branch,scoring_ms
data/mvtec/screw/train/good/004.png,data/mvtec/screw/train/good/004.png,good,0,1.0450807711698027,raw224,0.21729999571107328
data/mvtec/screw/train/good/008.png,data/mvtec/screw/train/good/008.png,good,0,0.9728550999247307,raw224,0.14449999434873462
data/mvtec/screw/train/good/010.png,data/mvtec/screw/train/good/010.png,good,0,1.0308938031391037,raw224,0.13860000763088465
data/mvtec/screw/train/good/014.png,data/mvtec/screw/train/good/014.png,good,0,0.9493631232814301,raw224,0.15439999697264284
data/mvtec/screw/train/good/018.png,data/mvtec/screw/train/good/018.png,good,0,1.0140365463752787,raw224,0.11249999806750566
data/mvtec/screw/train/good/022.png,data/mvtec/screw/train/good/022.png,good,0,1.020021370685561,raw224,0.0822000001790002
data/mvtec/screw/train/good/030.png,data/mvtec/screw/train/good/030.png,good,0,1.093777554274388,raw224,0.12129999231547117
data/mvtec/screw/train/good/032.png,data/mvtec/screw/train/good/032.png,good,0,0.9724879327891306,raw224,0.11329998960718513
data/mvtec/screw/train/good/034.png,data/mvtec/screw/train/good/034.png,good,0,0.9458365657270321,raw224,0.10069999552797526
data/mvtec/screw/train/good/043.png,data/mvtec/screw/train/good/043.png,good,0,0.9799815510688338,raw224,0.11300000187475234
data/mvtec/screw/train/good/048.png,data/mvtec/screw/train/good/048.png,good,0,0.9308719240682781,raw224,0.1320000010309741
data/mvtec/screw/train/good/052.png,data/mvtec/screw/train/good/052.png,good,0,0.9317034553690086,raw224,0.142400007462129
data/mvtec/screw/train/good/066.png,data/mvtec/screw/train/good/066.png,good,0,1.01918458022692,raw224,0.13910001143813133
data/mvtec/screw/train/good/084.png,data/mvtec/screw/train/good/084.png,good,0,1.0005363854109597,raw224,0.20580001000780612
data/mvtec/screw/train/good/088.png,data/mvtec/screw/train/good/088.png,good,0,1.0051352268282112,raw224,0.17549999756738544
data/mvtec/screw/train/good/112.png,data/mvtec/screw/train/good/112.png,good,0,0.9552418879071848,raw224,0.18600000475998968
data/mvtec/screw/train/good/113.png,data/mvtec/screw/train/good/113.png,good,0,1.0593597744639347,raw224,0.261799999861978
data/mvtec/screw/train/good/125.png,data/mvtec/screw/train/good/125.png,good,0,0.9592068060126004,raw224,0.31940000189933926
data/mvtec/screw/train/good/128.png,data/mvtec/screw/train/good/128.png,good,0,1.0336684958959332,raw224,0.16570001025684178
data/mvtec/screw/train/good/129.png,data/mvtec/screw/train/good/129.png,good,0,0.9947746857446191,raw224,0.1416000013705343
data/mvtec/screw/train/good/130.png,data/mvtec/screw/train/good/130.png,good,0,1.1515921589266878,raw224,0.13040000339969993
data/mvtec/screw/train/good/136.png,data/mvtec/screw/train/good/136.png,good,0,0.9800237217239305,raw224,0.14259999443311244
data/mvtec/screw/train/good/143.png,data/mvtec/screw/train/good/143.png,good,0,0.9709933580244304,raw224,0.1480999926570803
data/mvtec/screw/train/good/145.png,data/mvtec/screw/train/good/145.png,good,0,0.9465198666881384,raw224,0.1446999958716333
data/mvtec/screw/train/good/146.png,data/mvtec/screw/train/good/146.png,good,0,0.9916946696535437,raw224,0.22780000290367752
data/mvtec/screw/train/good/154.png,data/mvtec/screw/train/good/154.png,good,0,1.0505401666481053,raw224,0.189200000022538
data/mvtec/screw/train/good/176.png,data/mvtec/screw/train/good/176.png,good,0,0.9594225288787421,raw224,0.1412999990861863
data/mvtec/screw/train/good/183.png,data/mvtec/screw/train/good/183.png,good,0,0.9994636145890404,raw224,0.15810001059435308
data/mvtec/screw/train/good/187.png,data/mvtec/screw/train/good/187.png,good,0,0.9530601165088521,raw224,0.1573999907122925
data/mvtec/screw/train/good/198.png,data/mvtec/screw/train/good/198.png,good,0,1.0360327795521214,raw224,0.19379999139346182
data/mvtec/screw/train/good/201.png,data/mvtec/screw/train/good/201.png,good,0,0.9774115759032591,raw224,0.18840000848285854
data/mvtec/screw/train/good/205.png,data/mvtec/screw/train/good/205.png,good,0,1.0451833247490565,raw224,0.13859999307896942
data/mvtec/screw/train/good/212.png,data/mvtec/screw/train/good/212.png,good,0,1.0349220259230711,raw224,0.10660001134965569
data/mvtec/screw/train/good/215.png,data/mvtec/screw/train/good/215.png,good,0,1.0457625138618984,raw224,0.1235999952768907
data/mvtec/screw/train/good/219.png,data/mvtec/screw/train/good/219.png,good,0,1.0616877309738153,raw224,0.16120000509545207
data/mvtec/screw/train/good/233.png,data/mvtec/screw/train/good/233.png,good,0,0.9902568743159138,raw224,0.10679999832063913
data/mvtec/screw/train/good/237.png,data/mvtec/screw/train/good/237.png,good,0,1.048484128080558,raw224,0.09119999594986439
data/mvtec/screw/train/good/245.png,data/mvtec/screw/train/good/245.png,good,0,0.9939782154966249,raw224,0.09349999891128391
data/mvtec/screw/train/good/255.png,data/mvtec/screw/train/good/255.png,good,0,0.9591742771470062,raw224,0.1396000006934628
data/mvtec/screw/train/good/257.png,data/mvtec/screw/train/good/257.png,good,0,1.027919944124369,raw224,0.2454999921610579
data/mvtec/screw/train/good/258.png,data/mvtec/screw/train/good/258.png,good,0,1.0015702968994293,raw224,0.7845000072848052
data/mvtec/screw/train/good/260.png,data/mvtec/screw/train/good/260.png,good,0,1.022777558997891,raw224,0.381199992261827
data/mvtec/screw/train/good/268.png,data/mvtec/screw/train/good/268.png,good,0,1.0607279346551577,raw224,0.17129999469034374
data/mvtec/screw/train/good/273.png,data/mvtec/screw/train/good/273.png,good,0,0.895390236090903,raw224,0.14659999578725547
data/mvtec/screw/train/good/278.png,data/mvtec/screw/train/good/278.png,good,0,0.9662000251563053,raw224,0.18139999883715063
data/mvtec/screw/train/good/301.png,data/mvtec/screw/train/good/301.png,good,0,0.9767294436439108,raw224,0.19749999046325684
data/mvtec/screw/train/good/304.png,data/mvtec/screw/train/good/304.png,good,0,1.0371778150994027,raw224,0.20549999317154288
data/mvtec/screw/train/good/309.png,data/mvtec/screw/train/good/309.png,good,0,1.0037758319001722,raw224,0.19160000374540687
data/screw_refinement/select/scratch/004.png,data/mvtec/screw/train/good/004.png,scratch,1,1.0442613164539036,raw224,57.453700006590225
data/screw_refinement/select/pit/004.png,data/mvtec/screw/train/good/004.png,pit,1,1.0200644178669762,raw224,56.56209999870043
data/screw_refinement/select/texture_shift/004.png,data/mvtec/screw/train/good/004.png,texture_shift,1,1.0497009413941356,raw224,69.14560000586789
data/screw_refinement/select/scratch/008.png,data/mvtec/screw/train/good/008.png,scratch,1,1.0094003065017751,raw224,62.67249998927582
data/screw_refinement/select/pit/008.png,data/mvtec/screw/train/good/008.png,pit,1,0.9769200394222581,raw224,61.60169999930076
data/screw_refinement/select/texture_shift/008.png,data/mvtec/screw/train/good/008.png,texture_shift,1,1.0691246672182615,raw224,58.03549999836832
data/screw_refinement/select/scratch/010.png,data/mvtec/screw/train/good/010.png,scratch,1,1.0333668734505876,raw224,60.86169999616686
data/screw_refinement/select/pit/010.png,data/mvtec/screw/train/good/010.png,pit,1,1.0380611588447324,raw224,61.81759999890346
data/screw_refinement/select/texture_shift/010.png,data/mvtec/screw/train/good/010.png,texture_shift,1,1.0279269563349163,raw224,61.314099992159754
data/screw_refinement/select/scratch/014.png,data/mvtec/screw/train/good/014.png,scratch,1,1.4352777592598067,raw224,60.29510000371374
data/screw_refinement/select/pit/014.png,data/mvtec/screw/train/good/014.png,pit,1,0.947350326678924,raw224,70.78110000293236
data/screw_refinement/select/texture_shift/014.png,data/mvtec/screw/train/good/014.png,texture_shift,1,0.9533327161938773,raw224,69.74880000052508
data/screw_refinement/select/scratch/018.png,data/mvtec/screw/train/good/018.png,scratch,1,1.175342710833919,raw224,66.01280000177212
data/screw_refinement/select/pit/018.png,data/mvtec/screw/train/good/018.png,pit,1,1.0161509226389072,raw224,67.10919999750331
data/screw_refinement/select/texture_shift/018.png,data/mvtec/screw/train/good/018.png,texture_shift,1,1.018348958470037,raw224,59.58539999846835
data/screw_refinement/select/scratch/022.png,data/mvtec/screw/train/good/022.png,scratch,1,1.0200230263463845,raw224,73.49560000875499
data/screw_refinement/select/pit/022.png,data/mvtec/screw/train/good/022.png,pit,1,1.0195992745673406,raw224,60.69420000130776
data/screw_refinement/select/texture_shift/022.png,data/mvtec/screw/train/good/022.png,texture_shift,1,1.0180860005745143,raw224,66.12520001363009
data/screw_refinement/select/scratch/030.png,data/mvtec/screw/train/good/030.png,scratch,1,1.0945408139140957,raw224,69.24850000359584
data/screw_refinement/select/pit/030.png,data/mvtec/screw/train/good/030.png,pit,1,1.1016112647656338,raw224,74.78409999748692
data/screw_refinement/select/texture_shift/030.png,data/mvtec/screw/train/good/030.png,texture_shift,1,1.0917471297537005,raw224,63.72590000682976
data/screw_refinement/select/scratch/032.png,data/mvtec/screw/train/good/032.png,scratch,1,0.9726194117368919,raw224,69.66130000364501
data/screw_refinement/select/pit/032.png,data/mvtec/screw/train/good/032.png,pit,1,0.9673376589257868,raw224,80.21020000160206
data/screw_refinement/select/texture_shift/032.png,data/mvtec/screw/train/good/032.png,texture_shift,1,0.9761393466479954,raw224,68.1073000014294
data/screw_refinement/select/scratch/034.png,data/mvtec/screw/train/good/034.png,scratch,1,0.947171125742716,raw224,69.72099999256898
data/screw_refinement/select/pit/034.png,data/mvtec/screw/train/good/034.png,pit,1,0.9515513225394312,raw224,61.86639999214094
data/screw_refinement/select/texture_shift/034.png,data/mvtec/screw/train/good/034.png,texture_shift,1,0.946896091262362,raw224,64.45380000513978
data/screw_refinement/select/scratch/043.png,data/mvtec/screw/train/good/043.png,scratch,1,0.9873902436874644,raw224,62.968099999125116
data/screw_refinement/select/pit/043.png,data/mvtec/screw/train/good/043.png,pit,1,0.9795315035002374,raw224,71.30739999411162
data/screw_refinement/select/texture_shift/043.png,data/mvtec/screw/train/good/043.png,texture_shift,1,0.9776571980560399,raw224,68.85180000972468
data/screw_refinement/select/scratch/048.png,data/mvtec/screw/train/good/048.png,scratch,1,1.2873208958469062,raw224,66.3535000057891
data/screw_refinement/select/pit/048.png,data/mvtec/screw/train/good/048.png,pit,1,0.9303861337042533,raw224,57.70010000560433
data/screw_refinement/select/texture_shift/048.png,data/mvtec/screw/train/good/048.png,texture_shift,1,0.9317471842931159,raw224,60.353099994244985
data/screw_refinement/select/scratch/052.png,data/mvtec/screw/train/good/052.png,scratch,1,0.9329876638172906,raw224,57.46749999525491
data/screw_refinement/select/pit/052.png,data/mvtec/screw/train/good/052.png,pit,1,0.948638820366985,raw224,58.32159999408759
data/screw_refinement/select/texture_shift/052.png,data/mvtec/screw/train/good/052.png,texture_shift,1,0.9483658311147073,raw224,60.105600001406856
data/screw_refinement/select/scratch/066.png,data/mvtec/screw/train/good/066.png,scratch,1,1.0125296028503077,raw224,60.400400005164556
data/screw_refinement/select/pit/066.png,data/mvtec/screw/train/good/066.png,pit,1,1.019873335129563,raw224,60.626499995123595
data/screw_refinement/select/texture_shift/066.png,data/mvtec/screw/train/good/066.png,texture_shift,1,1.0138976656497176,raw224,61.20520000695251
data/screw_refinement/select/scratch/084.png,data/mvtec/screw/train/good/084.png,scratch,1,1.0075825857010217,raw224,60.07279999903403
data/screw_refinement/select/pit/084.png,data/mvtec/screw/train/good/084.png,pit,1,1.0145331472305639,raw224,52.958999993279576
data/screw_refinement/select/texture_shift/084.png,data/mvtec/screw/train/good/084.png,texture_shift,1,1.0130807431209605,raw224,56.35420000180602
data/screw_refinement/select/scratch/088.png,data/mvtec/screw/train/good/088.png,scratch,1,1.2509646293873855,raw224,61.80340000719298
data/screw_refinement/select/pit/088.png,data/mvtec/screw/train/good/088.png,pit,1,0.9980378958362419,raw224,56.79880001116544
data/screw_refinement/select/texture_shift/088.png,data/mvtec/screw/train/good/088.png,texture_shift,1,1.167680117758389,raw224,54.390000004787
data/screw_refinement/select/scratch/112.png,data/mvtec/screw/train/good/112.png,scratch,1,1.0255223524680814,raw224,60.06370000250172
data/screw_refinement/select/pit/112.png,data/mvtec/screw/train/good/112.png,pit,1,0.9634986684347826,raw224,53.09799998940434
data/screw_refinement/select/texture_shift/112.png,data/mvtec/screw/train/good/112.png,texture_shift,1,0.9563085230448751,raw224,58.89789998764172
data/screw_refinement/select/scratch/113.png,data/mvtec/screw/train/good/113.png,scratch,1,1.067088107013345,raw224,58.86409999220632
data/screw_refinement/select/pit/113.png,data/mvtec/screw/train/good/113.png,pit,1,1.0695843565763603,raw224,53.20099998789374
data/screw_refinement/select/texture_shift/113.png,data/mvtec/screw/train/good/113.png,texture_shift,1,1.067565911248691,raw224,52.794899995205924
data/screw_refinement/select/scratch/125.png,data/mvtec/screw/train/good/125.png,scratch,1,0.9660615339979968,raw224,55.363899999065325
data/screw_refinement/select/pit/125.png,data/mvtec/screw/train/good/125.png,pit,1,0.9479921387276257,raw224,57.8972000075737
data/screw_refinement/select/texture_shift/125.png,data/mvtec/screw/train/good/125.png,texture_shift,1,0.99810139529842,raw224,53.234899998642504
data/screw_refinement/select/scratch/128.png,data/mvtec/screw/train/good/128.png,scratch,1,1.4778188928138332,raw224,57.62640001194086
data/screw_refinement/select/pit/128.png,data/mvtec/screw/train/good/128.png,pit,1,1.033543250024214,raw224,57.918699996662326
data/screw_refinement/select/texture_shift/128.png,data/mvtec/screw/train/good/128.png,texture_shift,1,1.031514286380724,raw224,60.597599993343465
data/screw_refinement/select/scratch/129.png,data/mvtec/screw/train/good/129.png,scratch,1,1.0349288433499921,raw224,56.74150001141243
data/screw_refinement/select/pit/129.png,data/mvtec/screw/train/good/129.png,pit,1,0.9957622387300263,raw224,53.18760000227485
data/screw_refinement/select/texture_shift/129.png,data/mvtec/screw/train/good/129.png,texture_shift,1,0.9945269209719488,raw224,53.03789999743458
data/screw_refinement/select/scratch/130.png,data/mvtec/screw/train/good/130.png,scratch,1,1.1426922028650042,raw224,57.746200007386506
data/screw_refinement/select/pit/130.png,data/mvtec/screw/train/good/130.png,pit,1,1.1335084470597825,raw224,59.699200006434694
data/screw_refinement/select/texture_shift/130.png,data/mvtec/screw/train/good/130.png,texture_shift,1,1.163614593909983,raw224,53.03219999768771
data/screw_refinement/select/scratch/136.png,data/mvtec/screw/train/good/136.png,scratch,1,1.2416169631606215,raw224,61.168100000941195
data/screw_refinement/select/pit/136.png,data/mvtec/screw/train/good/136.png,pit,1,0.9818534217177023,raw224,60.422700000344776
data/screw_refinement/select/texture_shift/136.png,data/mvtec/screw/train/good/136.png,texture_shift,1,0.9724918284616568,raw224,54.971100005786866
data/screw_refinement/select/scratch/143.png,data/mvtec/screw/train/good/143.png,scratch,1,0.973991370208828,raw224,57.46670000371523
data/screw_refinement/select/pit/143.png,data/mvtec/screw/train/good/143.png,pit,1,0.9710477026561718,raw224,54.4380000064848
data/screw_refinement/select/texture_shift/143.png,data/mvtec/screw/train/good/143.png,texture_shift,1,0.9719557839220433,raw224,59.87510000704788
data/screw_refinement/select/scratch/145.png,data/mvtec/screw/train/good/145.png,scratch,1,1.4187872800643293,raw224,63.92010000126902
data/screw_refinement/select/pit/145.png,data/mvtec/screw/train/good/145.png,pit,1,0.9395886861294142,raw224,65.87819999549538
data/screw_refinement/select/texture_shift/145.png,data/mvtec/screw/train/good/145.png,texture_shift,1,0.9488548354085662,raw224,52.90539999259636
data/screw_refinement/select/scratch/146.png,data/mvtec/screw/train/good/146.png,scratch,1,0.9927191341361373,raw224,58.0162999976892
data/screw_refinement/select/pit/146.png,data/mvtec/screw/train/good/146.png,pit,1,0.9953904941792079,raw224,60.92489999718964
data/screw_refinement/select/texture_shift/146.png,data/mvtec/screw/train/good/146.png,texture_shift,1,0.9990341166930201,raw224,55.71230000350624
data/screw_refinement/select/scratch/154.png,data/mvtec/screw/train/good/154.png,scratch,1,1.0469295599589532,raw224,57.5717000028817
data/screw_refinement/select/pit/154.png,data/mvtec/screw/train/good/154.png,pit,1,1.0534366965631938,raw224,56.321700001717545
data/screw_refinement/select/texture_shift/154.png,data/mvtec/screw/train/good/154.png,texture_shift,1,1.0569147529946399,raw224,66.08819999382831
data/screw_refinement/select/scratch/176.png,data/mvtec/screw/train/good/176.png,scratch,1,1.4966390815718278,raw224,58.49860000307672
data/screw_refinement/select/pit/176.png,data/mvtec/screw/train/good/176.png,pit,1,0.947286242865867,raw224,52.43690000497736
data/screw_refinement/select/texture_shift/176.png,data/mvtec/screw/train/good/176.png,texture_shift,1,0.9537525723003951,raw224,49.20080000010785
data/screw_refinement/select/scratch/183.png,data/mvtec/screw/train/good/183.png,scratch,1,1.5611575542909446,raw224,57.78090000967495
data/screw_refinement/select/pit/183.png,data/mvtec/screw/train/good/183.png,pit,1,1.0009361788039672,raw224,54.27889998827595
data/screw_refinement/select/texture_shift/183.png,data/mvtec/screw/train/good/183.png,texture_shift,1,1.0001379555033363,raw224,55.34560000523925
data/screw_refinement/select/scratch/187.png,data/mvtec/screw/train/good/187.png,scratch,1,1.536209180473701,raw224,63.24339999991935
data/screw_refinement/select/pit/187.png,data/mvtec/screw/train/good/187.png,pit,1,0.9672762046916851,raw224,52.392999990843236
data/screw_refinement/select/texture_shift/187.png,data/mvtec/screw/train/good/187.png,texture_shift,1,0.9587679585025172,raw224,57.77269999089185
data/screw_refinement/select/scratch/198.png,data/mvtec/screw/train/good/198.png,scratch,1,1.032608678185164,raw224,57.40659999719355
data/screw_refinement/select/pit/198.png,data/mvtec/screw/train/good/198.png,pit,1,1.038887138812113,raw224,50.92619999777526
data/screw_refinement/select/texture_shift/198.png,data/mvtec/screw/train/good/198.png,texture_shift,1,1.0687036424099858,raw224,54.16690000856761
data/screw_refinement/select/scratch/201.png,data/mvtec/screw/train/good/201.png,scratch,1,1.5032743858021824,raw224,56.240199992316775
data/screw_refinement/select/pit/201.png,data/mvtec/screw/train/good/201.png,pit,1,0.9840145460516458,raw224,49.13490000762977
data/screw_refinement/select/texture_shift/201.png,data/mvtec/screw/train/good/201.png,texture_shift,1,0.971993571945548,raw224,54.64899999788031
data/screw_refinement/select/scratch/205.png,data/mvtec/screw/train/good/205.png,scratch,1,1.0419680314295068,raw224,56.423200003337115
data/screw_refinement/select/pit/205.png,data/mvtec/screw/train/good/205.png,pit,1,1.0436335288262968,raw224,55.82130000402685
data/screw_refinement/select/texture_shift/205.png,data/mvtec/screw/train/good/205.png,texture_shift,1,1.04610874175767,raw224,57.83720000181347
data/screw_refinement/select/scratch/212.png,data/mvtec/screw/train/good/212.png,scratch,1,1.0348564812328167,raw224,49.6395000081975
data/screw_refinement/select/pit/212.png,data/mvtec/screw/train/good/212.png,pit,1,1.0384216059452247,raw224,50.282100011827424
data/screw_refinement/select/texture_shift/212.png,data/mvtec/screw/train/good/212.png,texture_shift,1,1.0281490096689132,raw224,56.95440000272356
data/screw_refinement/select/scratch/215.png,data/mvtec/screw/train/good/215.png,scratch,1,1.0471908621936523,raw224,61.90339999739081
data/screw_refinement/select/pit/215.png,data/mvtec/screw/train/good/215.png,pit,1,1.0534129329607838,raw224,51.596100005554035
data/screw_refinement/select/texture_shift/215.png,data/mvtec/screw/train/good/215.png,texture_shift,1,1.0445602119284811,raw224,53.248700001859106
data/screw_refinement/select/scratch/219.png,data/mvtec/screw/train/good/219.png,scratch,1,1.0607173189475236,raw224,55.25450001005083
data/screw_refinement/select/pit/219.png,data/mvtec/screw/train/good/219.png,pit,1,1.0668382970125987,raw224,61.18360000255052
data/screw_refinement/select/texture_shift/219.png,data/mvtec/screw/train/good/219.png,texture_shift,1,1.0618912798633124,raw224,146.31850000296254
data/screw_refinement/select/scratch/233.png,data/mvtec/screw/train/good/233.png,scratch,1,0.9926227162411123,raw224,164.12169999966864
data/screw_refinement/select/pit/233.png,data/mvtec/screw/train/good/233.png,pit,1,0.9905894673578434,raw224,73.39629999478348
data/screw_refinement/select/texture_shift/233.png,data/mvtec/screw/train/good/233.png,texture_shift,1,0.9904986981879815,raw224,404.53010000055656
data/screw_refinement/select/scratch/237.png,data/mvtec/screw/train/good/237.png,scratch,1,1.2660039705668307,raw224,98.53620000649244
data/screw_refinement/select/pit/237.png,data/mvtec/screw/train/good/237.png,pit,1,1.1154303839180406,raw224,138.13079999818
data/screw_refinement/select/texture_shift/237.png,data/mvtec/screw/train/good/237.png,texture_shift,1,1.0502217928108968,raw224,92.9595000052359
data/screw_refinement/select/scratch/245.png,data/mvtec/screw/train/good/245.png,scratch,1,1.0177848650882344,raw224,93.75499999441672
data/screw_refinement/select/pit/245.png,data/mvtec/screw/train/good/245.png,pit,1,0.9961811209184126,raw224,87.1406000078423
data/screw_refinement/select/texture_shift/245.png,data/mvtec/screw/train/good/245.png,texture_shift,1,0.9918196233498235,raw224,98.43289999116678
data/screw_refinement/select/scratch/255.png,data/mvtec/screw/train/good/255.png,scratch,1,0.9651358248139439,raw224,86.07210000627674
data/screw_refinement/select/pit/255.png,data/mvtec/screw/train/good/255.png,pit,1,0.9691939468845503,raw224,77.53130000492092
data/screw_refinement/select/texture_shift/255.png,data/mvtec/screw/train/good/255.png,texture_shift,1,0.9611492857260076,raw224,85.44280000205617
data/screw_refinement/select/scratch/257.png,data/mvtec/screw/train/good/257.png,scratch,1,1.0242247039495838,raw224,73.71460000285879
data/screw_refinement/select/pit/257.png,data/mvtec/screw/train/good/257.png,pit,1,1.0251261625721606,raw224,71.87889999477193
data/screw_refinement/select/texture_shift/257.png,data/mvtec/screw/train/good/257.png,texture_shift,1,1.0280956389553033,raw224,79.15209999191575
data/screw_refinement/select/scratch/258.png,data/mvtec/screw/train/good/258.png,scratch,1,1.1363479053723613,raw224,90.99569999671075
data/screw_refinement/select/pit/258.png,data/mvtec/screw/train/good/258.png,pit,1,0.9993052555008479,raw224,87.849700008519
data/screw_refinement/select/texture_shift/258.png,data/mvtec/screw/train/good/258.png,texture_shift,1,0.997291971939276,raw224,83.20579999417532
data/screw_refinement/select/scratch/260.png,data/mvtec/screw/train/good/260.png,scratch,1,1.6676659229016215,raw224,82.53839999088086
data/screw_refinement/select/pit/260.png,data/mvtec/screw/train/good/260.png,pit,1,1.0196215772925534,raw224,84.99830000801012
data/screw_refinement/select/texture_shift/260.png,data/mvtec/screw/train/good/260.png,texture_shift,1,1.0206841219740912,raw224,76.71500000287779
data/screw_refinement/select/scratch/268.png,data/mvtec/screw/train/good/268.png,scratch,1,1.0752181807920262,raw224,78.4055999974953
data/screw_refinement/select/pit/268.png,data/mvtec/screw/train/good/268.png,pit,1,1.0621791700630032,raw224,80.04709999659099
data/screw_refinement/select/texture_shift/268.png,data/mvtec/screw/train/good/268.png,texture_shift,1,1.0699206505071899,raw224,72.48180000169668
data/screw_refinement/select/scratch/273.png,data/mvtec/screw/train/good/273.png,scratch,1,1.268328713146877,raw224,73.71260000218172
data/screw_refinement/select/pit/273.png,data/mvtec/screw/train/good/273.png,pit,1,0.8943478515146887,raw224,65.37280000338797
data/screw_refinement/select/texture_shift/273.png,data/mvtec/screw/train/good/273.png,texture_shift,1,0.892532565509264,raw224,64.216500002658
data/screw_refinement/select/scratch/278.png,data/mvtec/screw/train/good/278.png,scratch,1,0.9586450500343136,raw224,73.22090001252946
data/screw_refinement/select/pit/278.png,data/mvtec/screw/train/good/278.png,pit,1,0.9637668854882157,raw224,71.73619999957737
data/screw_refinement/select/texture_shift/278.png,data/mvtec/screw/train/good/278.png,texture_shift,1,0.9539908900671892,raw224,79.07669999985956
data/screw_refinement/select/scratch/301.png,data/mvtec/screw/train/good/301.png,scratch,1,0.9787828526325032,raw224,85.20699999644421
data/screw_refinement/select/pit/301.png,data/mvtec/screw/train/good/301.png,pit,1,0.9827815656970841,raw224,127.61080000200309
data/screw_refinement/select/texture_shift/301.png,data/mvtec/screw/train/good/301.png,texture_shift,1,0.9789087802469145,raw224,107.30519999924581
data/screw_refinement/select/scratch/304.png,data/mvtec/screw/train/good/304.png,scratch,1,1.559609803596261,raw224,125.67110000236426
data/screw_refinement/select/pit/304.png,data/mvtec/screw/train/good/304.png,pit,1,1.0450755120118924,raw224,87.31370000168681
data/screw_refinement/select/texture_shift/304.png,data/mvtec/screw/train/good/304.png,texture_shift,1,1.0816336717000865,raw224,91.70350000204053
data/screw_refinement/select/scratch/309.png,data/mvtec/screw/train/good/309.png,scratch,1,0.9944379048547238,raw224,84.99410000513308
data/screw_refinement/select/pit/309.png,data/mvtec/screw/train/good/309.png,pit,1,1.0045280862649932,raw224,96.81880001153331
data/screw_refinement/select/texture_shift/309.png,data/mvtec/screw/train/good/309.png,texture_shift,1,0.9977513691219354,raw224,95.88110000186134
